<?xml version="1.0" encoding="UTF-8" ?>  
<!DOCTYPE mapper PUBLIC   "-//mybatis.org//DTD Mapper 3.0//EN"  "http://mybatis.org/dtd/mybatis-3-mapper.dtd">
<mapper namespace="RouterBatis.BlackWhiteListMapper">
		<!-- 复用sql语句  查询Wifi_WifiModel表所有字段 -->
		<sql id="SelectBlackWhiteListColumn">
				SELECT	BlackWhiteListID,
								Mac,
								ListType,
								TemBlackList,
								RightsWeight,
								EnterTime,
								Remark,
								BusinessShopID
				FROM Wifi_BlackWhiteList
		</sql>
		<!-- BlackWhiteList 对象与数据库的对应关系-->
		<resultMap id="BlackWhiteListResultMap" type="HashMap">
				<!--constructor>
						<idArg javaType="String" column="STUDENT_ID"/>
						<arg javaType="String" column="STUDENT_NAME"/>
				</constructor-->
				<id      property="BlackWhiteListID"  column="BlackWhiteListID"  javaType="String"   jdbcType="VARCHAR"/>
				<result  property="Mac"               column="Mac"               javaType="String"   jdbcType="VARCHAR"/>
				<result  property="ListType"          column="ListType"          javaType="Boolean"  jdbcType="BIT"/>
				<result  property="TemBlackList"      column="TemBlackList"      javaType="Boolean"  jdbcType="BIT"/>
				<result  property="RightsWeight"      column="RightsWeight"      javaType="int"      jdbcType="INTEGER"/>
				<result  property="EnterTime"         column="EnterTime"         javaType="long"     jdbcType="BIGINT"/>
				<result  property="Remark"            column="Remark"            javaType="String"   jdbcType="VARCHAR"/>
				<result  property="BusinesShopID"     column="BusinessShopID"    javaType="String"   jdbcType="VARCHAR"/>
		</resultMap>
		<!-- 插入-->
		<insert id="insertBlackWhiteList" parameterType="HashMap">
				INSERT INTO Wifi_BlackWhiteList(BlackWhiteListID,
										Mac,
										ListType,
										TemBlackList,
										RightsWeight,
										EnterTime,
										Remark,
										BusinessShopID)
				     VALUES(#{Mac}+':'+#{BusinesShopID},
										#{Mac},
										#{ListType,jdbcType=BIT},
										#{TemBlackList,jdbcType=BIT},
										#{RightsWeight,jdbcType=INTEGER},
										#{EnterTime,jdbcType=BIGINT},
										#{Remark,jdbcType=VARCHAR},
										#{BusinesShopID})
		</insert>
		<!-- 更新-->
		<update id="updateBlackWhiteList" parameterType="HashMap">
				UPDATE FROM Wifi_BlackWhiteList
				    SET Mac = #{Mac},
								ListType = #{ListType},
								TemBlackList = #{TemBlackList},
								RightsWeight = #{RightsWeight},
								EnterTime = #{EnterTime},
								Remark = #{Remark},
								BusinessShopID = #{BusinesShopID}
				WHERE BlackWhiteListID = #{Mac}+':'+#{BusinesShopID};
		</update>
		<!-- 删除-->
		<delete id="deleteBlackWhiteListID" parameterType="String">
				DELETE FROM Wifi_BlackWhiteList WHERE BlackWhiteListID = #{BlackWhiteListID}
		</delete>
		<!-- 删除-->
		<delete id="deleteShopID" parameterType="String">
				DELETE FROM Wifi_BlackWhiteList WHERE BlackWhiteListID like '%:'+#{BusinesShopID}
		</delete>
		<!-- 删除-->
		<delete id="deleteMac" parameterType="String">
				DELETE FROM Wifi_BlackWhiteList WHERE BlackWhiteListID like #{Mac}+':%'
		</delete>
		<!-- 以商家ID和终端Mac地址获取:商家黑白名单数据对象
			* 
			* 获取商家的终端黑白名单对象
			* 
			* @param BusinesShopID  以商家ID
			* @param Mac            终端Mac
			* @return BlackWhiteListResultMap
		-->
		<select id="SelectBusinesBlackWhiteList" parameterType="HashMap" resultMap="BlackWhiteListResultMap">
				<include refid="SelectBlackWhiteListColumn"/>
				where BlackWhiteListID = #{Mac}+':'+#{BusinesShopID}
		</select>
		
		
		<!--以代理ID取代理对象-->
		<select id="SelectBlackWhiteListID" parameterType="String" resultMap="BlackWhiteListResultMap">
				<include refid="SelectBlackWhiteListColumn"/>
				where BlackWhiteListID=#{BlackWhiteListID}
		</select>
		<!--以代理ID取代理对象-->
		<select id="SelectShopID" parameterType="String" resultMap="BlackWhiteListResultMap">
				<include refid="SelectBlackWhiteListColumn"/>
				where BusinesShopID=#{BusinesShopID}
		</select>
<!-- *******************************一下代码是web界面功能配置文件，作者：parachuter****************************************************************** -->
		<!-- 条件获取商家黑白名单数据对象
			* 
			* 获取商家的终端黑白名单对象
			* 
			* @param Map            map
			* @return BlackWhiteListResultMap
		-->
		<select id="SelectBlackWhiteList" parameterType="HashMap" resultMap="BlackWhiteListResultMap">
				<include refid="SelectBlackWhiteListColumn"/>
				<where>
					<if test="true">
						<![CDATA[  
						(BlackWhiteListID LIKE '%:'+#{BusinesShopID})
						]]> 
					</if>
					<if test="ListType!=null">
						<![CDATA[ 
						AND ([ListType] = #{listtype_int})
						]]> 
					</if>
					<if test="TemBlackList!= null">
						<![CDATA[ 
						AND ([TemBlackList] = #{temblacklist_int})
						]]> 
					</if>
					<if test="SearchKeyWords != null">
						<![CDATA[ 
						AND ([MAC] = '%'+#{SearchKeyWords}+'%') OR (Remark like '%'+#{SearchKeyWords}+'%')
						]]> 
					</if>
				</where>
		</select>
		
		<!-- 条件获取商家黑白名单数据对象数量
			* 
			* 获取商家的终端黑白名单对象数量
			* 
			* @param Map            map
			* @return BlackWhiteListResultMap
		-->
		<select id="SelectBlackWhiteListCount" parameterType="HashMap" resultType="int">
				select count(*) FROM Wifi_BlackWhiteList
				<where>
					<if test="true">
						<![CDATA[ 
						BlackWhiteListID LIKE '%:'+#{BusinesShopID,jdbcType=VARCHAR}
						]]> 
					</if>
					<if test="ListType != null">
						<![CDATA[ 
						AND [ListType] = #{listtype_int}
						]]> 
					</if>
					<if test="TemBlackList != null">
						<![CDATA[ 
						AND [TemBlackList] = #{temblacklist_int}
						]]> 
					</if>
				</where>
		</select>
</mapper>