<?xml version="1.0" encoding="UTF-8" ?>  
<!DOCTYPE mapper PUBLIC   "-//mybatis.org//DTD Mapper 3.0//EN"  "http://mybatis.org/dtd/mybatis-3-mapper.dtd">
<mapper namespace="RouterBatis.BusinesShopMapper">
		<!-- 复用sql语句  查询Wifi_WifiModel表所有字段 -->
		<sql id="SelectBusinesShopColumn">
				SELECT	BusinessShopID,
								LoginName,
								PassWord,
								BusinessName,
								BusinessAddress,
								BusinessBoss,
								BossMobile,
								BusinessContact,
								ContactMobile,
								BusinessPhone,
								BusinessFax,
								IndustryID,
								BusinessNatureID,
								ProCityID,
								AgentID,
								WifiShare,
								BusinessHomeAddress,
								LogoURL,
								WelcomePictureURL,
								AgentGuestGroupID,
								ShareGuestGroupID
				FROM Wifi_BusinessShop
		</sql>
		<!-- BlackWhiteList 对象与数据库的对应关系-->
		<resultMap id="BusinesShopResultMap" type="HashMap">
				<!--constructor>
						<idArg javaType="String" column="STUDENT_ID"/>
						<arg javaType="String" column="STUDENT_NAME"/>
				</constructor-->
				<id      property="BusinesShopID"      column="BusinessShopID"       javaType="String"   jdbcType="VARCHAR"/>
				<result  property="LoginName"          column="LoginName"            javaType="String"   jdbcType="VARCHAR"/>
				<result  property="PassWord"           column="PassWord"             javaType="String"   jdbcType="VARCHAR"/>
				<result  property="BusinesName"        column="BusinessName"         javaType="String"   jdbcType="VARCHAR"/>
				<result  property="BusinesAddres"      column="BusinessAddress"      javaType="String"   jdbcType="VARCHAR"/>
				<result  property="BusinesBoss"        column="BusinessBoss"         javaType="String"   jdbcType="VARCHAR"/>
				<result  property="BossMobile"         column="BossMobile"           javaType="String"   jdbcType="VARCHAR"/>
				<result  property="BusinesContact"     column="BusinessContact"      javaType="String"   jdbcType="VARCHAR"/>
				<result  property="ContactMobile"      column="ContactMobile"        javaType="String"   jdbcType="VARCHAR"/>
				<result  property="BusinesPhone"       column="BusinessPhone"        javaType="String"   jdbcType="VARCHAR"/>
				<result  property="BusinesFax"         column="BusinessFax"          javaType="String"   jdbcType="VARCHAR"/>
				<result  property="IndustryID"         column="IndustryID"           javaType="int"      jdbcType="INTEGER"/>
				<result  property="NatureID"           column="BusinessNatureID"     javaType="int"      jdbcType="INTEGER"/>
				<result  property="ProCityID"          column="ProCityID"            javaType="int"      jdbcType="INTEGER"/>
				<result  property="AgentID"            column="AgentID"              javaType="int"      jdbcType="INTEGER"/>
				<result  property="HomeAddres"         column="BusinessHomeAddress"  javaType="String"   jdbcType="VARCHAR"/>
				<result  property="LogoURL"            column="LogoURL"              javaType="String"   jdbcType="VARCHAR"/>
				<result  property="WelcomePictureURL"  column="WelcomePictureURL"    javaType="String"   jdbcType="VARCHAR"/>
				
				
				<result  property="WifiShare"          column="WifiShare"            javaType="Boolean"  jdbcType="BIT"/>
				<result  property="AgentGuestGroupID"  column="AgentGuestGroupID"    javaType="String"   jdbcType="VARCHAR"/>
				<result  property="ShareGuestGroupID"  column="ShareGuestGroupID"    javaType="String"   jdbcType="VARCHAR"/>
				
				
				
		</resultMap>
		<!-- 插入-->
		<insert id="insertBusinesShop" parameterType="HashMap">
				INSERT INTO Wifi_BusinessShop(BusinessShopID,
										LoginName,
										PassWord,
										BusinessName,
										BusinessAddress,
										BusinessBoss,
										BossMobile,
										BusinessContact,
										ContactMobile,
										BusinessPhone,
										BusinessFax,
										IndustryID,
										BusinessNatureID,
										ProCityID,
										AgentID,
										WifiShare,
										BusinessHomeAddress,
										LogoURL,
										WelcomePictureURL)
				     VALUES(#{AgentID}+'_'+#{LoginName},
										#{LoginName},
										#{PassWord},
										#{BusinesName},
										#{BusinesAddres},
										#{BusinesBoss},
										#{BossMobile},
										#{BusinesContact},
										#{ContactMobile},
										#{BusinesPhone},
										#{BusinesFax},
										#{IndustryID},
										#{NatureID},
										#{ProCityID},
										#{AgentID},
										#{WifiShare},
										#{HomeAddres},
										#{LogoURL},
										#{WelcomePictureURL})
		</insert>
		<!-- 更新-->
		<update id="updateBlackWhiteList" parameterType="HashMap">
				UPDATE FROM Wifi_BusinesShop
				    SET LoginName = #{LoginName},
								PassWord = #{PassWord},
								BusinessName = #{BusinesName},
								BusinessAddres = #{BusinesAddres},
								BusinessBoss = #{BusinesBoss},
								BossMobile = #{BossMobile},
								BusinessContact = #{BusinesContact},
								ContactMobile = #{ContactMobile},
								BusinessPhone = #{BusinesPhone},
								BusinessFax = #{BusinesFax},
								IndustryID = #{IndustryID},
								BusinessNatureID = #{NatureID},
								ProCityID = #{ProCityID},
								AgentID = #{AgentID},
								WifiShare = #{WifiShare},
								BusinessHomeAddress = #{HomeAddres},
								LogoURL = #{LogoURL},
								WelcomePictureURL = #{WelcomePictureURL},
								BusinessShopID = #{AgentID}+'_'+#{LoginName}
				WHERE BusinessShopID = #{BusinesShopID};
		</update>
		<!-- 删除-->
		<delete id="deleteBusinesShop" parameterType="String">
				DELETE FROM Wifi_BusinesShop WHERE BusinesShopID = #{BusinesShopID}
		</delete>
		
		<!-- 以商家ID取商家数据对象
			* 
			* @param BusinesShopID 商家ID
			* @return BusinesShopResultMap
		-->
		<select id="SelectBusinesShopID" parameterType="String" resultMap="BusinesShopResultMap">
				<include refid="SelectBusinesShopColumn"/>
				where BusinessShopID = #{BusinesShopID}
		</select>
		
		
		
		<!-- 以用户(关注者)ID取所属商家
			* 
			* 说明:注意保持各数据ID生成之间的关联
			* 
			* @param TerminalID 用户ID
			* @return BusinesShopResultMap
		-->
		<select id="SelectBusinesTerminalID" parameterType="String" resultMap="BusinesShopResultMap">
				<include refid="SelectBusinesShopColumn"/>
				where #{TerminalID} like '>'+BusinessShopID+':'
		</select>
		
		
		
		
		<!--以代理ID取代理对象-->
		<select id="SelectBusinesShopIDAll" resultMap="BusinesShopResultMap">
				<include refid="SelectBusinesShopColumn"/>
		</select>
		<select id="SelectAgentID" parameterType="String" resultMap="BusinesShopResultMap">
				<include refid="SelectBusinesShopColumn"/>
				where BusinessShopID like LTRIM(STR(#{AgentID})+'_%'
		</select>
		
<!-- *******************************一下代码是web界面功能配置文件，作者：parachuter************************** -->
		<!-- 以用户(关注者)ID取所属商家
			* 
			* 
			* @param LoginName 用户LoginName
			* @return BusinesShopResultMap
		-->
		<select id="SelectLoginName" parameterType="String" resultMap="BusinesShopResultMap">
				<include refid="SelectBusinesShopColumn"/>
				where LoginName = #{LoginName}
		</select>
			
		
		
</mapper>