<?xml version="1.0" encoding="UTF-8" ?>  
<!DOCTYPE mapper PUBLIC   "-//mybatis.org//DTD Mapper 3.0//EN"  "http://mybatis.org/dtd/mybatis-3-mapper.dtd">
<mapper namespace="RouterBatis.InteriorTemplateMapper">
		<!-- 复用sql语句  查询Wifi_AdTemplate表所有字段 -->
		<sql id="SelectTemplateColumn">
				SELECT	TemplateID,
								TemplatePage,
								ContentSample,
								TemplateName
				FROM Wifi_AdTemplate
		</sql>
		<!-- Template 对象与数据库的对应关系-->
		<resultMap id="TemplateResultMap" type="HashMap">
				<!--constructor>
						<idArg javaType="String" column="STUDENT_ID"/>
						<arg javaType="String" column="STUDENT_NAME"/>
						<arg javaType="String" column="STUDENT_SEX"/>
						<arg javaType="Date" column="STUDENT_BIRTHDAY"/> 
				</constructor-->
				<id      property="TemplateID"     column="TemplateID"     javaType="int"     jdbcType="INTEGER"/>
				<result  property="TemplatePage"   column="TemplatePage"   javaType="String"  jdbcType="VARCHAR"/>
				<result  property="ContentSample"  column="ContentSample"  javaType="String"  jdbcType="VARCHAR"/>
				<result  property="TemplateName"   column="TemplateName"   javaType="String"  jdbcType="VARCHAR"/>
		</resultMap>
		<!-- 插入代理 自动主键-->
		<insert id="insertTemplate" parameterType="HashMap">
				INSERT INTO Wifi_AdTemplate(TemplateID,
										TemplatePage,
										ContentSample,
										TemplateName)
				     VALUES(#{TemplateID,jdbcType=INTEGER},
			              #{TemplatePage,jdbcType=VARCHAR},
			              #{ContentSample,jdbcType=VARCHAR},
			              #{TemplateName,jdbcType=VARCHAR})
				<selectKey keyProperty="TemplateID" resultType="int" order="AFTER">
						select @@IDENTITY as value
				</selectKey>
		</insert>
		<!-- 更新代理信息 -->
		<update id="updateTemplate" parameterType="HashMap">
				UPDATE Wifi_AdTemplate
				    SET TemplatePage = #{TemplatePage},
				        PassWord = #{PassWord},
				        ContentSample = #{ContentSample},
				        TemplateName = #{TemplateName}
				WHERE TemplateID = #{TemplateID}
		</update>
		<!-- 删除代理 -->
		<delete id="deleteTemplateID" parameterType="int">
				DELETE FROM Wifi_AdTemplate WHERE TemplateID = #{TemplateID}
		</delete>
		
		<!--以代理ID取代理对象-->
		<select id="SelectTemplateID" parameterType="int" resultMap="TemplateResultMap">
				<include refid="SelectTemplateColumn"/>
				where TemplateID=#{TemplateID}
		</select>
</mapper>  