<?xml version="1.0" encoding="UTF-8" ?>  
<!DOCTYPE mapper PUBLIC   "-//mybatis.org//DTD Mapper 3.0//EN"  "http://mybatis.org/dtd/mybatis-3-mapper.dtd">
<mapper namespace="RouterBatis.TerminalVisitRecordMapper">
		<!-- 复用sql语句  查询Wifi_TerminalVisitRecord表所有字段 -->
		<sql id="SelectRecordColumn">
				SELECT	RecordID,
								TerminalID,
								WifiRouterID,
								TerminalIp,
								VerificationType,
								VerificationResult,
								AccessTime,
								DisconTime,
								UplinkFlow,
								DownFlow,
								UserAgent
				FROM Wifi_TerminalVisitRecord
		</sql>
		<!-- Record 对象与数据库的对应关系-->
		<resultMap id="RecordResultMap" type="HashMap">
				<!--constructor>
						<idArg javaType="String" column="STUDENT_ID"/>
						<arg javaType="String" column="STUDENT_NAME"/>
						<arg javaType="String" column="STUDENT_SEX"/>
						<arg javaType="Date" column="STUDENT_BIRTHDAY"/>
				</constructor-->
				<id      property="RecordID"            column="RecordID"            javaType="long"    jdbcType="BIGINT"/>
				<result  property="TerminalID"          column="TerminalID"          javaType="String"  jdbcType="VARCHAR"/>
				<result  property="WifiRouterID"        column="WifiRouterID"        javaType="String"  jdbcType="VARCHAR"/>
				<result  property="TerminalIp"          column="TerminalIp"          javaType="String"  jdbcType="VARCHAR"/>
				<result  property="VerificationType"    column="VerificationType"    javaType="int"     jdbcType="INTEGER"/>
				<result  property="VerificationResult"  column="VerificationResult"  javaType="int"     jdbcType="INTEGER"/>
				<result  property="AccessTime"          column="AccessTime"          javaType="Date"    jdbcType="TIMESTAMP"/>
				<result  property="DisconTime"          column="DisconTime"          javaType="Date"    jdbcType="TIMESTAMP"/>
				<result  property="UplinkFlow"          column="UplinkFlow"          javaType="int"     jdbcType="INTEGER"/>
				<result  property="DownFlow"            column="DownFlow"            javaType="int"     jdbcType="INTEGER"/>
				<result  property="UserAgent"           column="UserAgent"           javaType="String"  jdbcType="VARCHAR"/>
		</resultMap>
		<!-- 插入代理 自动主键-->
		<insert id="insertRecord" parameterType="HashMap">
				INSERT INTO Wifi_TerminalVisitRecord(TerminalID,
										WifiRouterID,
										TerminalIp,
										VerificationType,
										VerificationResult,
										AccessTime,
										DisconTime,
										UplinkFlow,
										DownFlow,
										UserAgent)
				     VALUES(#{TerminalID},
			              #{WifiRouterID},
			              #{TerminalIp},
			              #{VerificationType},
			              #{VerificationResult},
			              #{AccessTime},
			              #{DisconTime},
			              #{UplinkFlow},
			              #{DownFlow},
			              #{UserAgent})
				<selectKey keyProperty="RecordID" resultType="int" order="AFTER">
						select @@IDENTITY as value
				</selectKey>
		</insert>
		<!-- 更新代理信息 -->
		<update id="updateRecord" parameterType="HashMap">
				UPDATE Wifi_TerminalVisitRecord
				    SET TerminalID = #{TerminalID},
	              WifiRouterID = #{WifiRouterID},
	              TerminalIp = #{TerminalIp},
	              VerificationType = #{VerificationType},
	              VerificationResult = #{VerificationResult},
	              AccessTime = #{AccessTime},
	              DisconTime = #{DisconTime},
	              UplinkFlow = #{UplinkFlow},
	              DownFlow = #{DownFlow},
	              UserAgent = #{UserAgent}
				WHERE RecordID = #{RecordID};
		</update>
		<!-- 删除代理 -->
		<delete id="deleteRecordID" parameterType="int">
				DELETE FROM Wifi_TerminalVisitRecord WHERE RecordID = #{RecordID}
		</delete>
		<delete id="deleteRouterID" parameterType="String">
				DELETE FROM Wifi_TerminalVisitRecord WHERE WifiRouterID = #{WifiRouterID}
		</delete>
		
		<!--以代理ID取代理对象-->
		<select id="SelectRecordID" parameterType="int" resultMap="RecordResultMap">
				<include refid="SelectRecordColumn"/>
				where RecordID=#{RecordID}
		</select>
		<!-- 取所有代理对象-->
		<select id="SelectRouterID" parameterType="String" resultMap="RecordResultMap">
				<include refid="SelectRecordColumn"/>
				where WifiRouterID=#{WifiRouterID}
		</select>
</mapper>  